10/14/2010,24.4774,13.13,59.79,43.1871
10/15/2010,24.6562,13.13,60.96,45
10/18/2010,24.7849,13.14,60.36,45.4143
10/19/2010,24.3273,12.67,60.39,44.2143
10/20/2010,24.7849,12.95,61.15,44.3614
10/21/2010,24.8493,12.78,61.01,44.2171
10/22/2010,24.8493,12.73,61.4,43.9814
10/25/2010,24.9565,12.88,62.08,44.12
10/26/2010,24.885,12.87,61.86,44.0071
10/27/2010,24.7349,12.7,61.42,43.9757
10/28/2010,24.9708,12.65,63.88,43.6057
10/29/2010,24.885,13.13,64.98,42.9814
11/1/2010,24.8493,13.05,64.76,43.4543
11/2/2010,25.0709,13.24,64.57,44.2371
11/3/2010,25.1067,13.14,64.94,44.6857
11/4/2010,25.736,13.6,65.81,45.4671
11/5/2010,26.0149,14,65.63,45.3043
11/8/2010,25.8718,13.96,65.97,45.5443
11/9/2010,25.3713,13.75,66.01,45.1543
11/10/2010,25.214,13.89,66.72,45.4329
11/11/2010,25.5501,13.81,66.34,45.2157
11/12/2010,26.0006,13.49,64.53,44.0043
11/15/2010,25.8861,13.4,65.21,43.9157
11/16/2010,25.0566,13.03,65.29,43.0414
11/17/2010,25.1782,12.94,65.5,42.9286
11/18/2010,25.9076,13.38,65.51,44.08
11/19/2010,26.0721,13.38,65.07,43.8429
11/22/2010,25.9433,13.29,66.46,44.7657
11/23/2010,25.3355,13.13,66.27,44.1043
11/24/2010,25.9863,13.31,67,44.9886
11/26/2010,25.9934,13.19,67.11,45.1086
11/29/2010,25.4928,13.29,66.91,45.2671
11/30/2010,25.0423,13.12,65.99,44.45
12/1/2010,25.8289,13.57,66.15,45.2
12/2/2010,26.258,14.09,67.54,45.45
12/3/2010,26.8015,14.22,68.23,45.3571
12/6/2010,26.5512,14.24,68.54,45.7386
12/7/2010,26.873,14.15,67.2,45.4586
12/8/2010,26.9302,14.14,67.71,45.8586
12/9/2010,27.2091,14.15,67.87,45.7
12/10/2010,27.5594,14.25,67.92,45.7929
12/13/2010,27.6739,14.36,68,45.9529
12/14/2010,27.8169,14.19,68.03,45.7557
12/15/2010,27.5165,13.96,67.78,45.7657
12/16/2010,28.4175,14.46,67.88,45.8586
12/17/2010,28.9896,14.56,66.79,45.8014
12/20/2010,29.054,14.77,67.39,46.03
12/21/2010,29.197,14.89,66.73,46.315
12/22/2010,29.3615,15.14,66.56,46.4514
12/23/2010,29.3686,15.34,66.57,46.2286
12/27/2010,29.9764,15.23,66.42,46.3829
12/28/2010,29.6833,15.25,66.25,46.4957
12/29/2010,29.812,15.13,66.45,46.47
12/30/2010,29.7405,15.21,66.72,46.2371
12/31/2010,29.626,15.39,66.15,46.08
1/3/2011,29.9478,15.8,65.5,47.1043
1/4/2011,29.669,16.52,62.24,47.3271
1/5/2011,29.6046,16.56,62.32,47.7143
1/6/2011,29.6618,16.36,60.27,47.6829
1/7/2011,29.7619,16.42,61.88,48.0171
1/10/2011,30.191,16.49,62.34,48.8929
1/11/2011,30.7058,16.33,61.97,48.8057
1/12/2011,30.8417,16.24,62.8,49.2029
1/13/2011,30.7273,15.75,62.99,49.3829
1/14/2011,30.9347,15.97,63.18,49.7829
1/18/2011,31.7141,16.27,62.91,48.7229
1/19/2011,30.3411,16.06,63.46,48.4057
1/20/2011,30.241,15.98,63.16,47.55
1/21/2011,30.1123,15.8,63.51,46.6743
1/24/2011,30.5843,16.43,63.44,48.2071
1/25/2011,30.5271,16.24,64.02,48.7714
1/26/2011,30.4412,16.6,64.25,49.1286
1/27/2011,30.3554,16.47,64.15,49.0357
1/28/2011,29.3043,16.13,64.09,48.0071
1/31/2011,29.9121,16.57,63.94,48.4743
2/1/2011,30.0694,17.32,63.35,49.29
2/2/2011,29.483,17.21,61.61,49.1886
2/3/2011,29.3114,17.21,62.48,49.0629
2/4/2011,30.7416,17.14,63.98,49.5
2/7/2011,31.7785,17.32,64.5,50.2686
2/8/2011,31.5854,17.4,64.9,50.7429
2/9/2011,31.0562,17.16,66,51.1657
2/10/2011,31.4638,17.12,65.25,50.6486
2/11/2011,32.1932,17.37,65.3,50.9786
2/14/2011,32.0287,17.59,63.78,51.3114
2/15/2011,30.4985,17.4,63.53,51.42
2/16/2011,31.1563,17.59,64.41,51.8757
2/17/2011,31.4066,17.52,62.81,51.1857
2/18/2011,31.4066,17.28,62.39,50.08
2/22/2011,30.384,16.54,61.43,48.3729
2/23/2011,28.9253,16.44,60.7,48.9457
2/24/2011,29.4258,16.55,61.32,48.97
2/25/2011,30.2911,16.68,62.63,49.7371
2/28/2011,30.0909,16.85,62.68,50.4586
3/1/2011,29.0897,16.25,62.63,49.93
3/2/2011,29.6475,16.18,63.02,50.3029
3/3/2011,30.62,16.63,64.46,51.3657
3/4/2011,33.4303,16.58,63.79,51.4286
3/7/2011,32.801,16.25,63.05,50.7657
3/8/2011,32.8725,16.49,64.08,50.8129
3/9/2011,32.9297,16.3,64.51,50.3529
3/10/2011,32.0931,15.82,64.89,49.5186
3/11/2011,32.422,16.03,65.6,50.2843
3/14/2011,32.0645,16.12,65.28,50.5086
3/15/2011,31.3351,16.04,65.42,49.3471
3/16/2011,30.2696,15.64,64.93,47.1086
3/17/2011,30.3554,16.01,64.48,47.8057
3/18/2011,30.7058,16.11,64.8,47.2386
3/21/2011,31.4281,16.56,65,48.46
3/22/2011,30.8846,16.45,64.99,48.7429
3/23/2011,31.2278,16.95,65.34,48.4557
3/24/2011,31.3995,17.11,66.52,49.2986
3/25/2011,31.4924,17.09,66.26,50.22
3/28/2011,31.4352,17.24,65.62,50.0629
3/29/2011,31.8643,17.49,65.59,50.1371
3/30/2011,32.2433,17.64,65.91,49.8257
3/31/2011,32.0216,17.65,65.62,49.7786
4/1/2011,32.279,17.47,66.16,49.2229
4/4/2011,32.0573,17.56,66.1,48.7414
4/5/2011,32.422,18.05,67.78,48.4129
4/6/2011,32.3863,18.13,67.59,48.2914
4/7/2011,32.0859,18.12,67.3,48.2971
4/8/2011,32.1002,17.92,66.46,47.8657
4/11/2011,32.1718,17.77,65.65,47.2857
4/12/2011,32.136,16.7,65.64,47.4857
4/13/2011,33.3159,16.55,64,48.0129
4/14/2011,33.3445,16.55,63.97,47.4386
4/15/2011,33.9666,16.52,63.84,46.78
4/18/2011,33.3087,16.14,64.5,47.4071
4/19/2011,33.4232,16.45,65,48.2657
4/20/2011,34.7818,16.64,66.13,48.9171
4/21/2011,35.2824,16.97,66.42,50.1029
4/25/2011,34.4529,16.89,65.73,50.4429
4/26/2011,35.3253,17.04,65.91,50.0643
4/27/2011,35.7758,17.18,66.35,50.0343
4/28/2011,35.9832,17.09,66.18,49.5871
4/29/2011,35.69,17,65.46,49.7471
5/2/2011,36.069,17.22,65.44,49.4686
5/3/2011,36.1834,17.67,66.06,49.7429
5/4/2011,35.3968,17.47,65.76,49.9843
5/5/2011,35.1608,17.01,65.86,49.56
5/6/2011,35.5613,17.15,65.05,49.5229
5/9/2011,35.6685,17.53,65.51,49.6571
5/10/2011,36.2334,17.52,66.28,49.9214
5/11/2011,35.7758,17.05,68.83,49.6043
5/12/2011,35.9903,17.15,69.41,49.51
5/13/2011,37.5993,17.1,72.16,48.6429
5/16/2011,37.4133,16.92,70.18,47.6143
5/17/2011,36.591,16.45,69.72,48.02
5/18/2011,36.9914,16.69,70.66,48.5486
5/19/2011,36.5838,16.67,63.49,48.6471
5/20/2011,36.2549,16.27,63.27,47.8914
5/23/2011,35.1108,15.98,62.99,47.7714
5/24/2011,34.8176,16.11,62.2,47.4757
5/25/2011,35.0536,16.33,62.49,48.08
5/26/2011,35.3181,16.37,62.66,47.8571
5/27/2011,35.4683,16.48,62.12,48.2014
5/31/2011,35.6614,16.81,62.1,49.69
6/1/2011,34.3242,16.09,61.02,49.3571
6/2/2011,34.4529,16.2,60.51,49.4243
6/3/2011,33.9166,15.92,59.77,49.0443
6/6/2011,33.652,15.61,58.89,48.2929
6/7/2011,34.1096,15.69,58.43,47.4157
6/8/2011,34.1382,15.41,58.4,47.4629
6/9/2011,34.8319,15.5,58.16,47.3557
6/10/2011,34.46,15.28,57.97,46.51
6/13/2011,33.9881,15.1,57.97,46.66
6/14/2011,35.0178,15.42,57.25,47.4643
6/15/2011,33.8737,14.96,57.44,46.6843
6/16/2011,33.652,14.8,58.59,46.4471
6/17/2011,33.9166,14.73,58.12,45.7686
6/20/2011,34.5959,14.78,59.04,45.0457
6/21/2011,35.6256,15.39,58.89,46.4714
6/22/2011,35.0035,15.29,58.65,46.0957
6/23/2011,35.311,15.28,59.01,47.3186
6/24/2011,34.6746,15.23,57.99,46.6214
6/27/2011,34.932,15.28,58.03,47.4343
6/28/2011,36.0976,15.65,58.15,47.8943
6/29/2011,36.1762,15.82,57.67,47.72
6/30/2011,36.5481,15.86,58.49,47.9529
7/1/2011,37.1845,16.31,59.1,49.0329
7/5/2011,36.9414,16.39,58.42,49.8857
7/6/2011,37.0558,16.24,58.11,50.2514
7/7/2011,37.4562,16.49,59.52,51.0286
7/8/2011,35.9188,16.38,59.12,51.3871
7/11/2011,35.1036,15.91,58.52,50.5714
7/12/2011,34.3742,15.71,58.35,50.5357
7/13/2011,34.4243,15.85,56.96,51.1457
7/14/2011,33.8451,15.46,56.55,51.11
7/15/2011,33.6663,15.48,55.49,52.1314
7/18/2011,32.5078,15.17,54.82,53.4
7/19/2011,33.5662,15.45,55.49,53.8357
7/20/2011,33.5519,15.51,55.04,55.2714
7/21/2011,33.5519,15.77,55.07,55.3271
7/22/2011,33.5304,15.84,55.87,56.1857
7/25/2011,33.18,15.65,56.96,56.9286
7/26/2011,32.0645,15.48,57.61,57.6229
7/27/2011,30.3626,14.93,56.2,56.0814
7/28/2011,30.1624,14.83,54.78,55.9743
7/29/2011,30.1481,14.73,54.97,55.7829
8/1/2011,29.1684,14.75,54.2,56.6786
8/2/2011,27.8455,14.16,53.24,55.5586
8/3/2011,28.0314,14.26,54.35,56.0814
8/4/2011,26.3939,12.94,52.74,53.91
8/5/2011,26.165,12.79,52.94,53.3743
8/8/2011,23.2832,11.33,50.04,50.4586
8/9/2011,24.4631,12.24,51.86,53.43
8/10/2011,22.7755,11.6,50.1,51.9557
8/11/2011,24.6776,12.25,54.29,53.3857
8/12/2011,25.8933,12.26,55.17,53.8443
8/15/2011,26.8158,12.56,56.36,54.7729
8/16/2011,26.1936,12.26,55.64,54.3543
8/17/2011,25.6001,12.26,56.74,54.3486
8/18/2011,23.0472,11.51,56.55,52.2929
8/19/2011,22.2249,11.22,57.95,50.8614
8/22/2011,21.8101,11.23,57.33,50.92
8/23/2011,22.7827,11.68,58.34,53.3714
8/24/2011,23.6551,11.87,59.14,53.74
8/25/2011,23.6193,11.59,57.98,53.3886
8/26/2011,24.9351,11.86,59.2,54.7971
8/29/2011,26.258,12.42,60.19,55.71
8/30/2011,26.1865,12.36,60.39,55.7129
8/31/2011,26.3653,12.81,60.72,54.9757
9/1/2011,25.6287,12.49,60.33,54.45
9/2/2011,24.599,12.04,59.44,53.4357
9/6/2011,24.2557,11.78,59.81,54.2243
9/7/2011,25.5214,12.25,60.95,54.8471
9/8/2011,24.4131,12.03,60.86,54.8886
9/9/2011,23.8553,11.58,60.44,53.9043
9/12/2011,23.891,11.55,60.41,54.2786
9/13/2011,24.8707,11.63,60.65,54.9457
9/14/2011,26.1579,11.73,61.48,55.6143
9/15/2011,26.4868,11.98,62.67,56.1286
9/16/2011,26.0006,11.97,62.59,57.2143
9/19/2011,24.9994,11.58,62.76,58.8043
9/20/2011,25.0638,11.25,61.69,59.0643
9/21/2011,23.0615,10.86,59.79,58.8771
9/22/2011,22.3751,10.11,58.67,57.4029
9/23/2011,22.6539,10.07,59.97,57.7571
9/26/2011,23.1617,10.45,60.83,57.5957
9/27/2011,23.9983,10.48,60.29,57.0371
9/28/2011,22.6253,9.97,59.66,56.7029
9/29/2011,23.2546,10.06,59,55.7957
9/30/2011,22.3465,9.57,58.1,54.4543
10/3/2011,21.0236,8.9,56.3,53.5143
10/4/2011,22.1748,9.12,58.56,53.2143
10/5/2011,22.9686,9.37,58.62,54.0843
10/6/2011,23.984,9.88,59.39,53.91
10/7/2011,22.4323,9.71,59.04,52.8286
10/10/2011,23.8195,10.09,60.94,55.5443
10/11/2011,24.2629,10.3,60.95,57.1843
10/12/2011,24.1556,10.05,60.04,57.4557
10/13/2011,23.2189,10.1,59.8,58.3471
10/14/2011,23.841,10.26,60.74,60.2857
10/17/2011,23.6479,9.58,59.58,59.9986
10/18/2011,23.9411,10.14,61.58,60.32
10/19/2011,23.5907,9.77,61.8,56.9457
10/20/2011,24.1199,9.95,62.38,56.4729
10/21/2011,25.2211,10.21,62.92,56.1571
10/24/2011,26.8444,10.58,63.55,57.9671
10/25/2011,25.6931,10.14,63.54,56.8243
10/26/2011,25.593,10.36,63.34,57.2229
10/27/2011,28.6035,11.34,65.99,57.8129
10/28/2011,29.2399,11.57,65.67,57.85
10/31/2011,26.5083,10.76,65.07,57.8257
11/1/2011,25.2354,10.4,64.82,56.6443
11/2/2011,25.8575,10.7,64.9,56.7729
11/3/2011,26.5512,10.87,66.07,57.5814
11/4/2011,26.3939,10.93,66.02,57.1771
11/7/2011,26.9874,10.75,66.45,57.1043
11/8/2011,27.7096,10.78,67.69,58.0329
11/9/2011,25.7932,10.2,66.37,56.4686
11/10/2011,26.3581,10.25,69.51,55.0314
11/11/2011,26.7872,10.6,70.28,54.9457
11/14/2011,26.8515,10.38,68.98,54.18
11/15/2011,27.3521,10.36,68.45,55.5471
11/16/2011,27.588,9.97,67.01,54.9671
11/17/2011,26.6084,9.62,67.56,53.9157
11/18/2011,26.3223,9.69,67.95,53.5629
11/21/2011,25.593,9.47,67.54,52.7157
11/22/2011,25.4428,9.26,66.95,53.7871
11/23/2011,24.0269,8.88,66.85,52.4271
11/25/2011,24.1914,8.95,67.14,51.9286
11/28/2011,25.1425,9.46,67.3,53.7314
11/29/2011,25.0423,9.31,67.52,53.3143
11/30/2011,26.8158,10.02,69.22,54.6
12/1/2011,27.0446,9.81,68.75,55.4186
12/2/2011,26.2866,9.91,69.06,55.6714
12/5/2011,26.5011,10,69.92,56.1443
12/6/2011,26.4439,9.92,70.09,55.85
12/7/2011,26.2151,9.9,70,55.5843
12/8/2011,24.6133,9.47,69.9,55.8086
12/9/2011,25.264,9.64,70.28,56.2314
12/12/2011,24.1199,9.35,69.16,55.9771
12/13/2011,23.7051,9.04,67.9,55.5443
12/14/2011,23.5478,8.94,66.9,54.3129
12/15/2011,23.9197,8.78,67.71,54.1343
12/16/2011,23.9268,8.81,68,54.4314
12/19/2011,23.7623,8.53,66.99,54.6014
12/20/2011,24.7277,8.88,68.99,56.5857
12/21/2011,24.5704,8.85,68.5,56.635
12/22/2011,24.9136,8.92,69.38,56.9357
12/23/2011,25.2855,8.87,70.25,57.6257
12/27/2011,25.2068,8.79,70.92,58.0757
12/28/2011,24.3916,8.52,70.26,57.5114
12/29/2011,25.0709,8.63,70.35,57.8743
12/30/2011,24.978,8.65,69.63,57.8571
1/3/2012,26.0864,9.23,69.1,58.7471
1/4/2012,25.879,9.45,70.72,59.0629
1/5/2012,26.4582,9.36,71.17,59.7186
1/6/2012,26.7442,9.16,71.5,60.35
1/9/2012,27.445,9.43,71.48,60.25
1/10/2012,27.9599,9.44,71.54,60.4629
1/11/2012,27.8312,9.63,72.02,60.3643
1/12/2012,28.2602,9.93,71.65,60.1986
1/13/2012,27.9313,9.8,71.46,59.9957
1/17/2012,28.5963,9.76,72.08,60.6714
1/18/2012,29.5116,10.02,73.63,61.3014
1/19/2012,29.9264,10.18,75.15,61.1071
1/20/2012,29.3186,10.17,74.75,60.0429
1/23/2012,29.3186,10.25,74.9,61.06
1/24/2012,30.4627,10.27,75.23,60.0714
1/25/2012,31.4996,10.48,75.98,63.8086
1/26/2012,30.5056,10.36,75.06,63.4957
1/27/2012,30.5199,10.43,75.35,63.8971
1/30/2012,30.8631,10.32,76.57,64.7157
1/31/2012,30.3697,10.16,76.64,65.2114
2/1/2012,31.5997,10.2,76.66,65.17
2/2/2012,31.2636,10.42,76.27,65.0171
2/3/2012,32.3791,10.76,76.92,65.6686
2/6/2012,31.9358,10.74,76.84,66.2814
2/7/2012,31.8929,10.67,77.23,66.9757
2/8/2012,32.1575,10.67,78.83,68.0971
2/9/2012,32.2433,10.64,80.12,70.4529
2/10/2012,31.5639,10.29,79.99,70.5271
2/13/2012,31.3494,10.33,79.43,71.8
2/14/2012,31.3065,10.21,79.77,72.78
2/15/2012,31.2064,10.1,79.4,71.0957
2/16/2012,31.3423,10.28,85.9,71.7929
2/17/2012,30.8488,10.15,85.57,71.7314
2/21/2012,30.4698,10.41,85.39,73.55
2/22/2012,30.5485,10.38,85.08,73.2914
2/23/2012,31.0419,10.46,85.15,73.77
2/24/2012,30.763,10.43,84.58,74.63
2/27/2012,30.999,10.32,84.17,75.1086
2/28/2012,31.1992,10.37,85.77,76.4871
2/29/2012,31.1921,10.17,85.37,77.4914
3/1/2012,31.5782,10.27,85.98,77.7814
3/2/2012,31.2636,10.24,86.71,77.8829
3/5/2012,30.5914,9.87,86.84,76.1829
3/6/2012,30.2339,9.47,87.01,75.7529
3/7/2012,31.0777,9.55,86.8,75.8129
3/8/2012,31.664,9.77,86.94,77.4271
3/9/2012,31.8571,9.81,87.27,77.8814
3/12/2012,31.1921,9.87,87.49,78.8571
3/13/2012,32.2576,10.31,88.48,81.1571
3/14/2012,32.1575,10.28,89.17,84.2257
3/15/2012,32.7939,10.35,89.25,83.6514
3/16/2012,32.6223,10.54,88.05,83.6529
3/19/2012,32.4363,10.6,88.5,85.8714
3/20/2012,32.0573,10.44,88.81,86.5657
3/21/2012,31.9787,10.27,89.11,86.0714
3/22/2012,31.2564,10.02,89.18,85.6014
3/23/2012,31.6783,10.11,88.99,85.1157
3/26/2012,32.2147,10.22,90.33,86.7114
3/27/2012,32.658,10.06,90.51,87.7829
3/28/2012,31.8857,9.83,88.79,88.2314
3/29/2012,31.7928,10.04,87.98,87.1229
3/30/2012,31.8285,10.02,88.57,85.6386
4/2/2012,32.0859,10.17,88.98,88.3829
4/3/2012,32.0573,10.06,90,89.9029
4/4/2012,31.2779,9.81,89.73,89.1871
4/5/2012,32.0144,9.63,90.2,90.5257
4/9/2012,31.142,9.6,89.82,90.89
4/10/2012,30.2482,9.31,88.28,89.7771
4/11/2012,30.3697,9.9,89.66,89.4443
4/12/2012,31.1277,10.17,89.95,88.9371
4/13/2012,30.2053,9.85,90.15,86.4614
4/16/2012,30.0265,9.86,89.7,82.9543
4/17/2012,30.4985,9.99,90.19,87.1
4/18/2012,30.2625,9.95,90.68,86.9057
4/19/2012,29.9764,9.76,90.87,83.9929
4/20/2012,30.1052,9.7,90.78,81.8543
4/23/2012,29.5116,9.63,90.59,81.6714
4/24/2012,28.4605,9.66,88.85,80.04
4/25/2012,29.4473,9.82,89.64,87.1429
4/26/2012,30.0265,9.86,91.43,86.8143
4/27/2012,30.4341,9.75,92.37,86.1429
4/30/2012,30.1624,9.73,91.8,83.4629
5/1/2012,30.7273,9.97,90.75,83.1614
5/2/2012,30.7773,9.73,92.32,83.7143
5/3/2012,30.1838,9.58,91.95,83.1171
5/4/2012,29.3257,9.37,90.36,80.75
5/7/2012,29.2184,9.33,90.67,81.3543
5/8/2012,28.7965,9.21,89.18,81.1686
5/9/2012,28.5534,9.15,88.61,81.3114
5/10/2012,28.4175,9.1,89.07,81.5029
5/11/2012,28.2102,9.06,88.42,80.9586
5/14/2012,27.8169,8.92,82.34,79.7457
5/15/2012,28.9682,8.71,81.08,79.0243
5/16/2012,28.4319,8.49,82.1,78.0107
5/17/2012,28.3389,8.5,68.17,75.7314
5/18/2012,27.6953,8.43,66.68,75.7686
5/21/2012,28.5963,8.6,69.82,80.1829
5/22/2012,28.9539,8.49,68.97,79.5671
5/23/2012,29.1541,8.61,71.65,81.5086
5/24/2012,29.3329,8.63,72.93,80.76
5/25/2012,29.3257,8.63,73.67,80.3271
5/29/2012,30.1624,8.89,74.21,81.7529
5/30/2012,29.5688,8.58,72.45,82.7386
5/31/2012,29.0754,8.55,72.94,82.5329
6/1/2012,27.3306,8.3,71.14,80.1414
6/4/2012,27.0589,8.39,70.78,80.6129
6/5/2012,27.3807,8.45,72.12,80.3857
6/6/2012,28.439,8.62,73.71,81.6843
6/7/2012,28.5749,8.55,73.72,81.6743
6/8/2012,28.3174,8.52,74.33,82.9029
6/11/2012,27.8741,8.32,72.17,81.6486
6/12/2012,28.2245,8.52,73.35,82.3086
6/13/2012,27.8884,8.48,70.54,81.7371
6/14/2012,28.1387,8.65,70.66,81.6471
6/15/2012,28.6106,8.82,69.74,82.0186
6/18/2012,28.7107,8.69,70.69,83.6829
6/19/2012,29.4258,8.9,68.86,83.9157
6/20/2012,29.0611,8.92,69.03,83.6786
6/21/2012,27.9742,8.55,67.23,82.52
6/22/2012,27.9098,8.62,67.93,83.1571
6/25/2012,26.9302,8.39,66.48,81.5314
6/26/2012,27.1661,8.39,65.85,81.7386
6/27/2012,27.4236,8.53,65.59,82.0714
6/28/2012,26.9731,8.51,65.71,81.2929
6/29/2012,28.06,8.75,68.22,83.4286
7/2/2012,27.824,8.63,67.67,84.6729
7/3/2012,28.2745,8.9,69.2,85.63
7/5/2012,28.153,8.92,68.8,87.1343
7/6/2012,27.1518,8.73,69.05,86.6043
7/9/2012,26.9016,8.76,70.1,87.6986
7/10/2012,26.8086,8.4,70.65,86.8871
7/11/2012,26.5941,8.35,69.8,86.3471
7/12/2012,26.115,8.3,71.58,85.5571
7/13/2012,26.4868,8.42,71.6,86.4243
7/16/2012,26.3366,8.33,70.43,86.7071
7/17/2012,26.7013,8.28,72.1,86.7057
7/18/2012,27.4307,8.33,73.91,86.6086
7/19/2012,27.5022,8.37,73.37,87.7843
7/20/2012,26.8587,8.26,72.53,86.2429
7/23/2012,26.2365,8.14,71.92,86.2614
7/24/2012,25.4642,8.02,71.36,85.8986
7/25/2012,25.8432,8.02,72.55,82.1386
7/26/2012,26.1793,8.19,69.39,82.1257
7/27/2012,27.1304,8.45,69.61,83.6357
7/30/2012,27.302,8.45,70.4,85.0043
7/31/2012,27.3807,8.47,70.15,87.2514
8/1/2012,27.302,8.43,68.06,86.6871
8/2/2012,26.9945,8.18,67.14,86.8271
8/3/2012,27.967,8.37,68.01,87.9571
8/6/2012,28.0529,8.5,69.11,88.9357
8/7/2012,28.7822,8.6,70.66,88.73
8/8/2012,29.0754,8.8,70.57,88.5514
8/9/2012,29.1755,8.86,67.92,88.6757
8/10/2012,28.9825,8.98,68.6,88.8057
8/13/2012,28.8752,8.83,69.11,90
8/14/2012,28.9539,8.69,70.67,90.2414
8/15/2012,28.9467,8.73,71.3,90.1186
8/16/2012,26.5655,8.77,72.46,90.9057
8/17/2012,26.6155,8.75,72.87,92.5871
8/20/2012,26.2294,8.8,71.58,95.0214
8/21/2012,26.5512,8.82,72,93.7464
8/22/2012,26.7872,8.87,72.2,95.5529
8/23/2012,26.7943,8.63,71.96,94.6229
8/24/2012,27.066,8.63,71.97,94.7643
8/27/2012,26.7728,8.48,71.4,96.4957
8/28/2012,26.4225,8.5,72.09,96.4
8/29/2012,26.5726,8.54,71.44,96.2329
8/30/2012,26.4868,8.44,71.02,94.8657
8/31/2012,26.5726,8.56,71.12,95.0343
9/4/2012,26.494,8.42,70.26,96.3671
9/5/2012,26.2723,8.52,70.24,95.7471
9/6/2012,26.8015,8.76,71.32,96.6514
9/7/2012,27.4736,9.1,70.39,97.2143
9/10/2012,27.3592,9.05,69.86,94.6771
9/11/2012,27.0517,9.33,70.55,94.37
9/12/2012,26.8086,9.35,70.59,95.6743
9/13/2012,27.445,9.63,69.47,97.5843
9/14/2012,28.4104,9.84,68,98.7543
9/17/2012,28.3389,9.58,67.89,99.9714
9/18/2012,28.2817,9.49,67.69,100.2786
9/19/2012,28.5177,9.47,68.28,100.3
9/20/2012,28.0529,9.25,69.21,99.8271
9/21/2012,27.8884,9.13,68.47,100.1014
9/24/2012,27.6667,9.06,67.84,98.5543
9/25/2012,27.4021,8.84,67.53,96.2429
9/26/2012,27.3664,8.89,67.84,95
9/27/2012,27.588,8.98,68.12,97.3443
9/28/2012,27.4951,8.85,68.44,95.3229
10/1/2012,27.7883,8.91,67.99,94.2471
10/2/2012,27.7954,8.85,68.54,94.4729
10/3/2012,27.8741,8.78,68.13,95.9629
10/4/2012,28.0314,9.07,69.49,95.2571
10/5/2012,27.7883,9.09,69.87,93.2357
10/8/2012,27.6453,9.12,70.59,91.1671
10/9/2012,27.2806,9.13,69.93,90.8357
10/10/2012,26.7514,8.71,69.11,91.5586
10/11/2012,26.9087,8.77,68.49,89.7286
10/12/2012,26.6155,8.69,67.97,89.9371
10/15/2012,26.5869,8.8,67.77,90.68
10/16/2012,27.1089,8.94,68.17,92.8014
10/17/2012,27.2162,9.18,68.35,92.0971
10/18/2012,26.2008,9.21,68.31,90.3586
10/19/2012,25.5644,9.01,68.43,87.1143
10/22/2012,25.7431,9.1,66.15,90.5757
10/23/2012,25.3927,8.78,67.29,87.6271
10/24/2012,25.6359,8.7,66.85,88.0686
10/25/2012,25.8218,8.73,67.9,87.1143
10/26/2012,25.7002,8.65,68.14,86.2857
10/31/2012,25.736,8.57,70.94,85.0143
11/1/2012,26.5297,8.75,81,85.2571
11/2/2012,26.4582,8.66,79.97,82.3814
11/5/2012,26.8944,8.61,80.79,83.5429
11/6/2012,27.3735,8.74,80.44,83.2657
11/7/2012,26.873,8.48,79.76,79.7129
11/8/2012,26.3724,8.39,79.4,76.7514
11/9/2012,26.3939,8.43,78.41,78.1514
11/12/2012,26.3295,8.43,78.27,77.5557
11/13/2012,25.9791,8.31,79.27,77.5129
11/14/2012,25.8432,8.13,77.85,76.7043
11/15/2012,25.5644,8.05,77.5,75.15
11/16/2012,25.6073,8.18,76.9,75.3886
11/19/2012,26.8229,8.34,77.79,80.92
11/20/2012,25.9433,8.25,77.65,80.1643
11/21/2012,25.6287,8.27,77.93,80.2429
11/23/2012,26.3724,8.35,79.04,81.6786
11/26/2012,26.7943,8.31,78.16,84.1814
11/27/2012,26.7013,8.28,76.61,83.5557
11/28/2012,27.1518,8.4,78.07,83.2771
11/29/2012,27.4164,8.4,73.93,84.1943
11/30/2012,27.3807,8.41,73.15,83.6114
12/3/2012,27.1161,8.41,73.17,83.7343
12/4/2012,27.2663,8.42,72.38,82.2643
12/5/2012,27.6453,8.57,72.2,76.9729
12/6/2012,27.4021,8.57,71.95,78.1829
12/7/2012,27.0374,8.5,71.62,76.1543
12/10/2012,27.5737,8.57,72.7,75.6814
12/11/2012,28.3889,8.68,72.83,77.2857
12/12/2012,28.9682,8.65,72.79,76.9671
12/13/2012,28.4605,8.59,73.03,75.67
12/14/2012,28.4962,8.74,72.59,72.71
12/17/2012,29.1326,8.75,73.05,74.1671
12/18/2012,29.5974,8.91,72.9,76.2857
12/19/2012,29.0254,8.64,72.03,75.1571
12/20/2012,29.576,8.7,71.68,74.5686
12/21/2012,29.3543,8.57,70.27,74.19
12/24/2012,29.3686,8.62,70.78,74.28
12/26/2012,29.2399,8.73,70.6,73.3
12/27/2012,29.0611,8.62,71.34,73.58
12/28/2012,28.4819,8.5,71.51,72.7729
12/31/2012,29.2757,8.68,72.35,76.1471
1/2/2013,29.9478,8.99,72.49,78.4329
1/3/2013,30.0551,9.07,72.49,77.4914
1/4/2013,30.6486,9.26,73.62,75.2886
1/7/2013,30.4269,9.1,73.37,74.88
1/8/2013,30.1838,9.13,72.17,75.03
1/9/2013,30.999,9.08,72.39,73.8714
1/10/2013,31.2278,8.97,71.76,74.8114
1/11/2013,31.0562,8.94,72.29,74.3286
1/14/2013,31.1349,8.92,72.58,71.6786
1/15/2013,30.9204,8.92,73.64,69.4171
1/16/2013,30.7845,8.88,73.36,72.2986
1/17/2013,31.3709,8.94,73.42,71.8114
1/18/2013,31.5711,9,73.75,71.4286
1/22/2013,31.9215,9.2,74.08,72.11
1/23/2013,31.6783,9.15,74.75,73.4529
1/24/2013,31.9358,9.04,75.01,64.3529
1/25/2013,32.3863,9.03,75.25,62.84
1/28/2013,32.3076,8.9,75.94,64.2214
1/29/2013,31.9215,8.88,74.57,65.4671
1/30/2013,31.7499,8.8,73.53,65.2614
1/31/2013,32.0216,8.84,73.52,65.0443
2/1/2013,32.3863,9,73.66,64.8186
2/4/2013,31.6497,8.86,72.23,63.1729
2/5/2013,32.1789,8.94,73.27,65.41
2/6/2013,32.2433,8.96,72.9,65.3357
2/7/2013,32.1861,8.9,77.14,66.8929
2/8/2013,32.2361,8.94,78.9,67.8543
2/11/2013,31.8929,8.87,78.39,68.5614
2/12/2013,31.9072,9.03,78.6,66.8343
2/13/2013,32.0001,9.1,78.97,66.7157
2/14/2013,31.8786,9.29,78.84,66.6557
2/15/2013,30.2124,9.32,79,65.75
2/19/2013,30.7559,9.06,80.72,65.7129
2/20/2013,30.2053,8.76,79.5,64.1529
2/21/2013,29.7691,8.66,79.06,63.7243
2/22/2013,29.8906,8.64,79.21,64.4014
2/25/2013,29.5259,8.42,78.36,63.2571
2/26/2013,29.2971,8.41,77.15,64.1286
2/27/2013,29.8406,8.54,77.3,63.51
2/28/2013,29.6618,8.52,76.34,63.0571
3/1/2013,29.9836,8.44,76.37,61.5014
3/4/2013,30.0551,8.35,77.02,60.0071
3/5/2013,30.5056,8.35,76.95,61.5957
3/6/2013,30.9204,8.57,76.18,60.8071
3/7/2013,30.9275,8.64,76.22,61.4857
3/8/2013,30.7702,8.61,76.84,61.6743
3/11/2013,30.6129,8.67,77.53,62.5529
3/12/2013,30.477,8.62,77.36,61.2043
3/13/2013,30.7487,8.54,78.77,61.1929
3/14/2013,30.9776,8.55,77.67,61.7757
3/15/2013,30.7559,8.63,79.57,63.4071
3/18/2013,30.4269,8.56,80.7,65.1029
3/19/2013,30.0336,8.48,80.07,64.9271
3/20/2013,30.5342,8.54,80.22,64.5829
3/21/2013,29.7834,8.45,80.03,64.6757
3/22/2013,29.4973,8.45,79.81,65.9757
3/25/2013,29.4115,8.42,80.53,66.2257
3/26/2013,29.9049,8.42,81.6,65.8686
3/27/2013,30.098,8.49,81.64,64.5829
3/28/2013,30.0122,8.52,82.65,63.2329
4/1/2013,29.2685,8.39,82.34,61.2729
4/2/2013,29.0754,8.3,82.83,61.4143
4/3/2013,28.9753,8.27,82.12,61.6929
4/4/2013,29.6117,8.22,82.2,61.1029
4/5/2013,29.7047,8.24,80.95,60.4529
4/8/2013,29.7905,8.39,80.63,60.8871
4/9/2013,29.7834,8.39,78.71,60.9971
4/10/2013,30.2196,8.31,81.23,62.2414
4/11/2013,31.3637,8.32,83.01,62.0571
4/12/2013,32.0001,8.22,81.99,61.4
4/15/2013,30.7773,8.04,80.27,59.9786
4/16/2013,31.0276,8.1,80.47,60.8914
4/17/2013,30.1695,7.96,79.82,57.5429
4/18/2013,29.9121,8.03,78.92,55.9943
4/19/2013,30.0336,8.08,79.93,55.7857
4/22/2013,29.9264,8.11,79.07,56.9529
4/23/2013,30.4698,8.12,80.55,58
4/24/2013,30.6415,8.41,81.18,57.9514
4/25/2013,30.5557,8.39,83,58.34
4/26/2013,29.5331,8.27,82.94,59.5871
4/29/2013,29.6475,8.42,83.02,61.4457
4/30/2013,29.6332,8.5,83.88,63.25
5/1/2013,29.5402,8.43,84.34,62.7557
5/2/2013,29.6618,8.46,84.59,63.6457
5/3/2013,29.7119,8.62,84.56,64.2829
5/6/2013,30.0336,8.69,84.91,65.8157
5/7/2013,30.3197,8.64,85.58,65.5271
5/8/2013,30.7058,8.87,85.12,66.2629
5/9/2013,30.8631,8.79,84.72,65.2529
5/10/2013,31.1992,8.7,85.43,64.71
5/13/2013,30.7773,8.53,85,64.9629
5/14/2013,31.4424,8.56,86.12,63.4086
5/15/2013,32.6652,8.5,86.4,61.2829
5/16/2013,32.1718,8.5,85.42,62.0757
5/17/2013,32.5794,8.61,86.16,61.8943
5/20/2013,33.1371,8.76,86.52,63.2486
5/21/2013,33.4303,8.76,87.18,62.8086
5/22/2013,33.0656,8.69,85.8,63.0543
5/23/2013,32.7081,8.54,84.08,63.1629
5/24/2013,32.6008,8.48,83.39,63.5929
5/28/2013,33.2015,8.59,83.63,63.0629
5/29/2013,32.9297,8.58,82.16,63.5643
5/30/2013,32.9297,8.49,82.07,64.5129
5/31/2013,32.5007,8.5,81.52,64.24
6/3/2013,32.5436,8.52,82.55,64.3886
6/4/2013,32.4792,8.38,81.99,64.1871
6/5/2013,31.8428,8.2,81.55,63.5871
6/6/2013,32.1861,8.26,83.23,62.6371
6/7/2013,32.2862,8.33,84.32,63.1371
6/10/2013,31.9858,8.36,83.62,62.6986
6/11/2013,31.7499,8.23,82.69,62.5143
6/12/2013,31.4066,8.18,82.35,61.7414
6/13/2013,31.8142,8.2,82.75,62.2857
6/14/2013,31.4638,8.12,82.48,61.4357
6/17/2013,31.7356,8.11,82.48,61.7143
6/18/2013,32.0359,8.21,83.69,61.6814
6/19/2013,31.1206,8.11,84.07,60.4286
6/20/2013,30.2625,8.01,82.88,59.52
6/21/2013,30.7344,7.98,80.74,59.0971
6/24/2013,30.2553,7.79,80.22,57.47
6/25/2013,30.3769,7.92,81.39,57.5186
6/26/2013,30.2768,7.75,79.75,56.8671
6/27/2013,30.8059,7.87,80.02,56.2543
6/28/2013,30.5771,7.82,81.17,56.5829
7/1/2013,31.1706,7.86,81.89,58.46
7/2/2013,30.8131,7.8,81.47,59.7871
7/3/2013,30.8703,7.71,81.99,60.1143
7/5/2013,31.6283,7.81,82.58,59.6314
7/8/2013,31.7213,7.92,83.72,59.2929
7/9/2013,31.8929,7.91,83.2,60.3029
7/10/2013,32.4006,7.92,82.75,60.1043
7/11/2013,32.6938,8.1,82.76,61.0343
7/12/2013,32.7152,8.1,82.67,60.93
7/15/2013,32.9727,8.17,83.38,61.0629
7/16/2013,32.8296,8.11,82.38,61.47
7/17/2013,32.6151,8.19,81.49,61.4729
7/18/2013,32.8225,8.21,82.5,61.67
7/19/2013,33.037,8.07,82.21,60.7143
7/22/2013,33.4661,8.12,82.75,60.9014
7/23/2013,33.2301,8.14,82.7,59.8557
7/24/2013,33.4375,8.05,81.53,62.9443
7/25/2013,33.366,8.03,82.22,62.6429
7/26/2013,32.608,8.07,82.64,62.9986
7/29/2013,32.422,8.04,82.33,63.97
7/30/2013,32.0716,8.03,82.19,64.76
7/31/2013,31.9858,7.95,82.49,64.6429
8/1/2013,32.9226,7.95,83.43,65.2514
8/2/2013,33.1657,7.97,83.47,66.0771
8/5/2013,32.8511,8,83.41,67.0643
8/6/2013,32.9512,7.91,83.18,66.4643
8/7/2013,33.0942,7.79,82.29,66.4257
8/8/2013,32.7867,7.91,81.65,65.8586
8/9/2013,33.0513,8.22,83.17,64.9214
8/12/2013,33.2158,8.26,82.45,66.7657
8/13/2013,33.5519,8.15,84.49,69.9386
8/14/2013,33.2587,8.16,83.55,71.2143
8/15/2013,33.5805,8.16,81.88,71.1571
8/16/2013,33.4589,8.12,80.8,71.7614
8/19/2013,33.2086,7.94,80.35,72.5343
8/20/2013,33.6305,8,81.66,71.5814
8/21/2013,33.5304,7.84,81.73,71.7757
8/22/2013,34.3027,8.03,81.8,71.8514
8/23/2013,34.0953,8.05,83.01,71.5743
8/26/2013,34.0381,8.06,83.1,71.8529
8/27/2013,33.5876,7.91,81.53,69.7314
8/28/2013,33.4232,7.93,81.07,70.0957
8/29/2013,33.4661,7.81,81.26,70.2471
8/30/2013,33.3516,7.7,80.07,69.5786
9/3/2013,33.559,7.72,79.78,69.7971
9/4/2013,34.2312,7.84,79.78,71.2514
9/5/2013,34.0953,7.87,80.04,70.7529
9/6/2013,33.9166,7.92,79.12,71.1743
9/9/2013,34.2884,8.08,79.64,72.3114
9/10/2013,34.7175,8.05,81.08,70.6643
9/11/2013,35.0106,8.19,81.44,66.8329
9/12/2013,34.7675,8.16,80.37,67.5271
9/13/2013,34.6531,8.08,79.38,66.4143
9/16/2013,34.8533,8.1,79.72,64.3029
9/17/2013,34.9463,8.26,79.93,65.0257
9/18/2013,35.2681,8.55,80.36,66.3786
9/19/2013,36.4551,8.44,80.71,67.4714
9/20/2013,37.2918,8.29,80.65,66.7114
9/23/2013,36.9485,8.28,79.79,70.1043
9/24/2013,36.8985,8.3,80.1,69.8714
9/25/2013,37.0629,8.33,81.46,68.79
9/26/2013,37.2489,8.27,81.68,69.46
9/27/2013,36.9199,8.2,82.06,68.9643
9/30/2013,36.6482,8.12,82.68,68.1071
10/1/2013,37.113,8.17,83.48,69.7186
10/2/2013,36.877,8.02,82.62,69.9429
10/3/2013,36.5123,7.86,81.9,69.0557
10/4/2013,37.0272,7.96,83.16,69.0043
10/7/2013,36.5624,7.97,81.98,69.6786
10/8/2013,35.8473,7.94,81.25,68.7057
10/9/2013,35.7186,8.1,80.48,69.4714
10/10/2013,36.4623,8.35,81.76,69.9857
10/11/2013,36.7984,8.32,82.33,70.4286
10/14/2013,36.7269,8.45,83.61,70.8629
10/15/2013,36.3836,8.38,82.5,71.24
10/16/2013,36.8699,8.53,96.16,71.5886
10/17/2013,37.6493,8.59,97.22,72.0943
10/18/2013,37.8924,8.63,98.7,72.7071
10/21/2013,37.1774,8.6,98.45,74.4714
10/22/2013,36.4837,9.36,98.72,74.2614
10/23/2013,36.2191,9.27,99.77,74.9943
10/24/2013,36.5552,9.25,99.42,75.9914
10/25/2013,37.0916,9.24,102.67,75.1714
10/28/2013,36.8198,9.56,101,75.6257
10/29/2013,36.97,9.54,100.3,73.86
10/30/2013,36.5767,9.46,100,74.9914
10/31/2013,36.2978,9.27,99.18,74.6214
11/1/2013,36.5409,9.27,99.91,74.2914
11/4/2013,36.6196,9.92,99.38,75.25
11/5/2013,36.6196,9.78,99.26,75.0886
11/6/2013,36.498,9.66,98.51,74.4086
11/7/2013,35.7901,8.95,96.67,73.2157
11/8/2013,36.3121,9.06,96.96,74.3714
11/11/2013,36.684,9.03,99.44,74.1843
11/12/2013,36.6124,8.92,99.24,74.2871
11/13/2013,36.6124,8.99,99.68,74.3929
11/14/2013,36.1405,8.98,98.88,75.4514
11/15/2013,39.2797,9.03,99.34,75.0114
11/18/2013,38.6504,8.95,98.31,74.0929
11/19/2013,38.486,9.13,97.06,74.21
11/20/2013,38.2786,9.05,97.67,73.5714
11/21/2013,38.6862,9.12,100.04,74.43
11/22/2013,38.5074,9.24,100.1,74.2571
11/25/2013,37.9783,9.59,100.12,74.82
11/26/2013,38.3644,9.65,101.51,76.2
11/27/2013,38.4788,9.64,102.03,77.9943
11/29/2013,38.3072,9.61,101.01,79.4386
12/2/2013,38.0498,9.55,103.05,78.7471
12/3/2013,37.8495,9.42,107.12,80.9086
12/4/2013,38.3144,9.36,105.71,80.7143
12/5/2013,38.2571,9.35,104.95,81.1386
12/6/2013,39.2082,9.36,104.55,80.0029
12/9/2013,39.3727,9.48,104.33,80.9186
12/10/2013,39.5729,9.56,109.45,80.7929
12/11/2013,39.2154,9.34,107.05,80.1943
12/12/2013,39.5157,9.37,107.93,80.0771
12/13/2013,39.4442,9.51,109.85,79.2043
12/16/2013,39.5014,9.57,109.27,79.6429
12/17/2013,40.3094,9.7,108.46,79.2843
12/18/2013,41.3964,9.83,109.27,78.6814
12/19/2013,41.0317,9.97,108.4,77.78
12/20/2013,40.7313,9.94,109.36,78.3857
12/23/2013,41.1461,10.13,109.84,81.4414
12/24/2013,40.9244,10.36,110.28,81.0957
12/26/2013,41.0889,10.43,110.17,80.5571
12/27/2013,40.8815,10.69,109.92,80.0129
12/30/2013,40.9888,10.53,109.63,79.2171
12/31/2013,40.8958,10.63,110.68,80.1586
1/2/2014,40.195,10.53,109.74,79.0186
1/3/2014,40.7027,10.57,112.88,77.2829
1/6/2014,40.5025,10.53,111.8,77.7043
1/7/2014,41.0817,10.54,113.18,77.1614
1/8/2014,41.7539,10.83,112.3,77.6371
1/9/2014,41.7682,10.69,113.55,76.6386
1/10/2014,42.1401,10.11,115.64,76.1343
1/13/2014,42.1401,10.1,114.29,76.5329
1/14/2014,42.8194,10.32,117.6,78.0557
1/15/2014,43.1483,10.59,117.47,79.6243
1/16/2014,43.2628,11.04,117.88,79.1786
1/17/2014,43.4129,11.36,118.44,77.2286
1/21/2014,43.513,12.13,118,78.4386
1/22/2014,43.5702,12.22,117.75,78.7871
1/23/2014,42.5262,12.07,116.33,79.4543
1/24/2014,41.3821,11.44,115.98,78.01
1/27/2014,41.6896,11.64,115.4,78.6429
1/28/2014,41.5465,11.85,116.25,72.4214
1/29/2014,41.2248,11.99,113.9,71.51
1/30/2014,42.5548,11.95,115.2,71.3486
1/31/2014,41.5823,11.51,114.81,71.5143
2/3/2014,40.1521,11.23,110.22,71.6471
2/4/2014,41.3392,11.45,110.25,72.6843
2/5/2014,41.0674,11.04,110.75,73.2271
2/6/2014,41.6824,11.05,124.86,73.2157
2/7/2014,42.4905,11.19,125,74.2786
2/10/2014,42.1973,11.06,123.32,75.57
2/11/2014,42.7121,11.33,125.44,76.5657
2/12/2014,42.8265,11.27,124.96,76.56
2/13/2014,42.9624,11.4,126.26,77.7757
2/14/2014,39.5085,11.37,127.34,77.7129
2/18/2014,39.437,11.4,126.79,77.9986
2/19/2014,40.002,11.76,125.94,76.7671
2/20/2014,40.9673,11.78,127.56,75.8786
2/21/2014,40.288,11.73,127.92,75.0357
2/24/2014,40.5812,11.77,126.5,75.3643
2/25/2014,40.6813,11.62,125.5,74.58
2/26/2014,40.8315,12.05,125.79,73.9071
2/27/2014,40.3023,12.03,125.03,75.3814
2/28/2014,40.7099,11.74,127.36,75.1771
3/3/2014,40.5526,11.62,126.28,75.3943
3/4/2014,41.3177,11.8,126.42,75.8914
3/5/2014,41.332,12.1,125.59,76.0514
3/6/2014,42.0257,12.06,126.74,75.8214
3/7/2014,41.7754,12.16,126.8,75.7771
3/10/2014,41.5823,11.94,126.78,75.8457
3/11/2014,40.6598,12.19,126.94,76.5843
3/12/2014,40.8029,12.17,126.49,76.6586
3/13/2014,39.9376,11.86,124.56,75.8071
3/14/2014,39.6444,11.84,124.6,74.9529
3/17/2014,39.9018,11.9,126.3,75.2486
3/18/2014,40.6098,12,125.95,75.9143
3/19/2014,40.4954,11.84,124.52,75.8943
3/20/2014,40.5454,11.91,124.75,75.5286
3/21/2014,40.1092,12.01,126.33,76.1243
3/24/2014,39.5157,12.01,124.7,77.0143
3/25/2014,39.4442,12.02,123.56,77.8557
3/26/2014,39.4513,11.86,122.75,77.1114
3/27/2014,39.1081,12.59,123.89,76.78
3/28/2014,39.1081,12.48,124.65,76.6943
3/31/2014,39.9877,12.87,126.5,76.6771
4/1/2014,40.3023,13.04,127.25,77.3914
4/2/2014,40.524,12.85,126.86,77.5071
4/3/2014,40.4739,12.74,126.4,76.97
4/4/2014,39.7374,12.63,121.64,75.9743
4/7/2014,38.865,12.47,118.11,74.7814
4/8/2014,39.0866,12.53,119.16,74.7771
4/9/2014,39.7374,13,121.58,75.7571
4/10/2014,38.6504,12.7,118.61,74.7829
4/11/2014,37.7351,12.54,116.25,74.23
4/14/2014,37.6493,12.86,117.2,74.5257
4/15/2014,37.9783,13.05,117.54,73.9929
4/16/2014,38.3859,13.42,119.51,74.1443
4/17/2014,39.0795,13.56,120.84,74.9914
4/21/2014,39.1081,13.49,121.4,75.8814
4/22/2014,39.3083,13.51,121.61,75.9557
4/23/2014,39.3369,13.63,122.15,74.9643
4/24/2014,39.53,13.58,122.34,81.11
4/25/2014,38.8936,13.33,120.63,81.7057
4/28/2014,38.4216,13.24,121.44,84.87
4/29/2014,38.1141,13.44,119.83,84.6186
4/30/2014,38.6433,13.47,121.29,84.2986
5/1/2014,38.9508,13.64,120.98,84.4971
5/2/2014,39.0008,13.72,121.69,84.6543
5/5/2014,39.5658,13.53,121.03,85.8514
5/6/2014,39.3369,13.31,120.49,84.9157
5/7/2014,39.3512,13.32,119.45,84.6186
5/8/2014,39.5443,13.28,122.46,84.0171
5/9/2014,39.6087,13.25,124.56,83.65
5/12/2014,40.338,13.81,125.25,84.69
5/13/2014,40.6384,13.79,123.41,84.8229
5/14/2014,39.9376,13.56,123.14,84.8386
5/15/2014,38.9651,13.32,124.23,84.1171
5/16/2014,39.3512,13.45,121.67,85.3586
5/19/2014,39.3083,13.51,122.8,86.37
5/20/2014,38.8364,13.15,122.11,86.3643
5/21/2014,39.3226,13.12,122.58,86.6157
5/22/2014,39.7159,13.23,122.5,86.7571
5/23/2014,40.1736,13.52,123.24,87.7329
5/27/2014,40.2451,13.48,121.44,89.3871
5/28/2014,40.8386,13.37,121.11,89.1443
5/29/2014,40.7313,13.58,122.31,90.7686
5/30/2014,40.717,13.61,124.17,90.4286
6/2/2014,40.6813,13.83,124.47,89.8071
6/3/2014,40.9173,13.65,125.23,91.0771
6/4/2014,41.0817,13.82,126.46,92.1171
6/5/2014,41.9041,14,127.43,92.4786
6/6/2014,42.1973,14.35,128.41,92.2243
6/9/2014,42.3903,14.35,127.71,93.7
6/10/2014,42.1115,14.23,126.97,94.25
6/11/2014,42.1258,14.18,126.14,93.86
6/12/2014,41.7611,14.01,124.28,92.26
6/13/2014,41.8326,14.52,124.8,91.28
6/16/2014,41.7039,14.35,125.01,92.2
6/17/2014,42.0972,14.48,125.95,92.08
6/18/2014,42.3832,14.64,129.72,92.18
6/19/2014,41.9184,14.46,128.84,91.86
6/20/2014,42.0257,14.62,129.8,90.91
6/23/2014,41.5537,14.77,130.67,90.83
6/24/2014,41.2248,14.47,131.66,90.28
6/25/2014,41.4536,14.55,129.85,90.36
6/26/2014,41.3463,14.94,130.53,90.9
6/27/2014,41.1175,14.93,133.48,91.98
6/30/2014,41.0746,14.89,134.92,92.93
7/1/2014,41.6538,14.8,134.53,93.52
7/2/2014,41.5108,14.85,134.25,93.48
7/3/2014,41.804,14.97,134.94,94.1
7/7/2014,41.5608,14.74,134,95.97
7/8/2014,40.8672,14.85,132.27,95.32
7/9/2014,40.6884,15.69,133.58,95.39
7/10/2014,40.3953,15.62,133.16,95.035
7/11/2014,40.4739,15.97,133.29,95.23
7/14/2014,40.6312,16.11,134.81,96.45
7/15/2014,40.5168,16.12,132.64,95.32
7/16/2014,40.7313,16.6,131.82,94.78
7/17/2014,39.437,16.33,129.86,93.08
7/18/2014,40.1521,16.49,130.47,94.43
7/21/2014,40.5526,16.62,128.55,93.95
7/22/2014,41.2748,17.09,124.15,94.72
7/23/2014,41.096,17.05,123.59,97.19
7/24/2014,40.6455,17,126.63,97.03
7/25/2014,40.4239,16.56,125.55,97.69
7/28/2014,40.2522,17.01,124.49,99.02
7/29/2014,40.0663,16.91,122.96,98.38
7/30/2014,40.6026,16.72,124.2,98.13
7/31/2014,40.1092,16.39,121.11,95.57
8/1/2014,40.0949,16.44,121.06,96.13
8/4/2014,40.2308,16.71,124.02,95.59
8/5/2014,39.5014,16.44,124.41,95.12
8/6/2014,39.7517,16.44,122.99,94.97
8/7/2014,39.3655,16,121.85,94.48
8/8/2014,39.5014,16.1,125.11,94.74
8/11/2014,39.4728,16.19,125.25,95.99
8/12/2014,38.8578,16.19,124.71,95.97
8/13/2014,39.1725,16.24,122.93,97.24
8/14/2014,39.7731,16.23,131.59,97.5
8/15/2014,41.1747,16.11,131.47,97.98
8/18/2014,41.8469,16.32,133.33,99.16
8/19/2014,41.8755,16.43,134.02,100.56
8/20/2014,41.711,16.5,135.14,100.57
8/21/2014,41.4679,16.35,134.48,100.58
8/22/2014,41.2176,16.45,135.41,101.31
8/25/2014,41.2891,16.48,136.33,101.54
8/26/2014,41.3678,16.59,136.06,100.89
8/27/2014,41.0317,16.71,137.44,102.13
8/28/2014,40.8672,16.57,137.41,102.25
8/29/2014,40.8744,16.61,136.42,102.5
9/2/2014,41.5251,16.67,137.88,103.3
9/3/2014,41.5179,16.93,138.3,98.94
9/4/2014,41.2534,17.1,138.27,98.12
9/5/2014,41.4178,17.28,137.76,98.97
9/8/2014,41.2248,17.01,136.8,98.36
9/9/2014,41.0817,17.11,135.88,97.99
9/10/2014,41.2534,17.2,135.9,101
9/11/2014,41.1818,16.9,134.42,101.43
9/12/2014,41.9041,16.72,133.86,101.66
9/15/2014,41.4178,16.39,133.99,101.63
9/16/2014,41.4107,16.16,135.42,100.86
9/17/2014,42.1115,16.28,134.37,101.58
9/18/2014,41.7611,16.2,133.62,101.79
9/19/2014,41.6538,16.21,131.76,100.96
9/22/2014,41.1532,15.83,130.9,101.06
9/23/2014,40.7456,15.7,129.12,102.64
9/24/2014,41.4464,15.9,130.62,101.75
9/25/2014,40.6813,15.63,128.2,97.87
9/26/2014,40.4024,16.19,130.1,100.75
9/29/2014,40.8672,15.93,130.64,100.11
9/30/2014,40.7456,16.09,130.3,100.75
10/1/2014,40.1879,15.7,130.52,99.18
10/2/2014,39.9233,15.36,132.97,99.9
10/3/2014,40.6956,15.6,135.13,99.62
10/6/2014,40.4525,15.99,134.42,99.62
10/7/2014,39.3298,15.95,133.81,98.75
10/8/2014,40.3738,16.07,136.84,100.8
10/9/2014,39.3512,15.39,133.99,101.02
10/10/2014,38.3573,14.71,132.81,100.73
10/13/2014,37.7494,14.49,130.88,99.81
10/14/2014,37.0343,14.29,133.98,98.75
10/15/2014,37.0343,14.5,133.51,97.54
10/16/2014,36.9771,14.6,132.43,96.26
10/17/2014,37.3776,15.62,135.79,97.67
10/20/2014,37.4348,15.69,139.57,99.76
10/21/2014,38.6147,16.35,141.02,102.47
10/22/2014,37.9354,16.12,138.78,102.99
10/23/2014,38.4073,16.24,140.78,104.83
10/24/2014,38.6504,16.55,142.04,105.22
10/27/2014,38.6075,16.38,144.46,105.11
10/28/2014,39.0866,16.6,145.78,106.74
10/29/2014,38.9722,16.27,145.03,107.34
10/30/2014,38.8435,16.22,145.71,106.98
10/31/2014,39.53,16.76,146.96,108
11/3/2014,40.84,16.93,147.76,109.4
11/4/2014,40.18,16.56,148.44,108.6
11/5/2014,40.13,16.26,149.37,108.86
11/6/2014,41.37,16.37,145.56,108.7
11/7/2014,40.93,16.33,141.85,109.01
11/10/2014,41.53,16.32,145.17,108.83
11/11/2014,41.66,16.45,144.98,109.7
11/12/2014,41.45,16.88,146.27,111.25
11/13/2014,41.45,16.74,146,112.82
11/14/2014,41.57,16.94,144.81,114.18
11/17/2014,41.24,16.83,145.83,113.99
11/18/2014,40.8,17.16,146.24,115.47
11/19/2014,40.8,16.69,144.74,114.67
11/20/2014,41.26,17.12,145.19,116.31
11/21/2014,42.25,17.45,145.49,116.47
11/24/2014,42.25,17.22,145.58,118.625
11/25/2014,42.71,17.37,145.45,117.6
11/26/2014,42.74,17.6,145.71,119
11/28/2014,42.74,17.29,147.08,118.93
12/1/2014,41.59,17.14,147.07,115.07
12/2/2014,41.98,17.3,148.48,114.63
12/3/2014,42.23,17.21,152.04,115.93
12/4/2014,42.27,17.24,153.25,115.49
12/5/2014,42.3,16.95,154.18,115
12/8/2014,41.51,16.29,153.68,112.4
12/9/2014,41.4,16.04,158.25,114.12
12/10/2014,40.34,15.63,157.24,111.95
12/11/2014,40.62,15.16,159.16,111.62
12/12/2014,39.72,14.87,160.25,109.73
12/15/2014,38.68,14.93,161.01,108.225
12/16/2014,38.47,14.43,157.01,106.745
12/17/2014,39.76,15.05,159.55,109.41
12/18/2014,40.7,15.78,160.74,112.65
12/19/2014,41.38,15.94,159.85,111.78
12/22/2014,41.88,15.74,159.44,112.94
12/23/2014,41.37,15.73,161.19,112.54
12/24/2014,41.13,15.77,160.23,112.01
12/26/2014,41.38,15.82,160,113.99
12/29/2014,41.33,15.82,161.22,113.91
12/30/2014,41.37,15.85,160.03,112.52
12/31/2014,40.94,15.79,159.28,110.38
1/2/2015,40.56,15.88,158.56,109.33
1/5/2015,39.8,14.96,156.47,106.25
1/6/2015,39.18,15.07,156.36,106.26
1/7/2015,39.7,15.46,159.72,107.75
1/8/2015,40.89,15.9,161.12,111.89
1/9/2015,40.59,16.11,160.3,112.01
1/12/2015,40.11,16.17,158.93,109.25
1/13/2015,39.55,15.8,153.76,110.22
1/14/2015,39.06,14.95,150.83,109.8
1/15/2015,38.01,14.97,148.02,106.82
1/16/2015,38.25,15.28,150,105.99
1/20/2015,37.93,15.55,152.66,108.72
1/21/2015,38.16,15.92,153.35,109.55
1/22/2015,39.65,16.04,156.54,112.4
1/23/2015,38.81,15.76,155.78,112.98
1/26/2015,39.15,16.08,159.23,113.1
1/27/2015,38.75,15.92,159.03,109.14
1/28/2015,38,15.8,159.3,115.31
1/29/2015,38.46,15.98,160.26,118.9
1/30/2015,37.77,15.65,159,117.16
2/2/2015,38.69,16.07,155.97,118.63
2/3/2015,39.62,16.61,157.07,118.65
2/4/2015,39.11,16.42,156.47,119.56
2/5/2015,39.53,17.07,160.16,119.94
2/6/2015,39.34,16.57,162,118.93
2/9/2015,39.04,15.65,160.74,119.72
2/10/2015,39.67,15.91,162.9,122.02
2/11/2015,39.33,15.46,162.39,124.88
2/12/2015,40.02,15.65,151.42,126.46
2/13/2015,40.15,15.81,150.16,127.08
2/17/2015,40.52,15.75,150.23,127.83
2/18/2015,41.54,15.85,153.22,128.715
2/19/2015,41.15,16,153.27,128.45
2/20/2015,41.95,15.79,155.06,129.495
2/23/2015,41.73,15.51,157.18,133
2/24/2015,42.06,15.74,156.4,132.17
2/25/2015,42.2,15,156.25,128.79
2/26/2015,42.36,15.11,155.38,130.415
2/27/2015,42.21,14.79,154.93,128.46
3/2/2015,42.7,14.95,154.77,129.09
3/3/2015,42.26,15.18,154.47,129.36
3/4/2015,42,14.59,150.83,128.54
3/5/2015,42.22,14.38,152.52,126.41
3/6/2015,41.53,14.48,149.07,126.6
3/9/2015,41.74,13.7,148.29,127.14
3/10/2015,40.63,13.5,146.53,124.51
3/11/2015,40.85,13.59,147.33,122.24
3/12/2015,41.1,13.8,149.32,124.45
3/13/2015,40.87,13.57,149.61,123.59
3/16/2015,41.81,13.29,151.12,124.95
3/17/2015,41.58,13.06,150,127.04
3/18/2015,42.12,13.28,149.03,128.47
3/19/2015,42.21,12.96,149.19,127.495
3/20/2015,42.21,12.97,151.91,125.9
3/23/2015,42.2,13,149.51,127.21
3/24/2015,41.09,13.09,151.01,126.69
3/25/2015,40.81,12.97,148.73,123.38
3/26/2015,40.7,12.88,149.41,124.24
3/27/2015,41.11,12.7,151.39,123.25
3/30/2015,41.72,12.96,152.08,126.37
3/31/2015,41.55,12.92,149.69,124.43
4/1/2015,41.39,13,143.75,124.25
4/2/2015,42.05,13.14,143.98,125.32
4/6/2015,41.93,13.36,145.73,127.35
4/7/2015,42.44,13.43,146.71,126.01
4/8/2015,42.26,13.67,148.81,125.6
4/9/2015,42.49,13.21,148.05,126.56
4/10/2015,43.55,13.15,150.2,127.1
4/13/2015,43.04,13.29,149.18,126.85
4/14/2015,43.07,13.37,149.05,126.3
4/15/2015,43.38,13.34,149.58,126.78
4/16/2015,43.13,13.45,150,126.17
4/17/2015,42.98,13.46,149.8,124.75
4/20/2015,43.19,13.58,152.4,127.6
4/21/2015,42.89,13.52,152.4,126.91
4/22/2015,42.71,13.57,151.51,128.62
4/23/2015,42.62,13.19,146.69,129.67
4/24/2015,42.49,13.22,148.61,130.28
4/27/2015,41.98,13.45,144.99,132.65
4/28/2015,42.18,13.48,144.5,130.56
4/29/2015,41.96,13.6,144.66,128.64
4/30/2015,41.37,13.42,143,125.15
5/1/2015,41.83,14.15,145.34,128.95
5/4/2015,41.94,14.01,145.45,128.7
5/5/2015,41.59,13.82,143.99,125.8
5/6/2015,41.59,13.7,144.09,125.01
5/7/2015,41.8,13.71,144.53,125.26
5/8/2015,42.5,13.82,144.76,127.62
5/11/2015,42.62,13.65,145.51,126.32
5/12/2015,41.91,13.55,147.13,125.865
5/13/2015,41.81,13.63,149.38,126.01
5/14/2015,42.05,13.64,149.86,128.95
5/15/2015,42.04,13.54,151.62,128.77
5/18/2015,42.63,13.4,151.88,130.19
5/19/2015,42.37,13.08,152.94,130.07
5/20/2015,42.61,13.07,149.9,130.06
5/21/2015,42.32,13,157.5,131.39
5/22/2015,42.5,12.94,160.2,132.54
5/26/2015,42.06,12.76,158,129.62
5/27/2015,42.61,12.79,157.22,132.045
5/28/2015,41.75,12.68,156.35,131.78
5/29/2015,41.19,12.5,153.22,130.28
6/1/2015,40.92,12.42,153.32,130.535
6/2/2015,41.11,12.62,155.36,129.96
6/3/2015,41.1,12.61,156.53,130.12
6/4/2015,40.54,12.5,156.6,129.36
6/5/2015,40.31,12.42,157.39,128.65
6/8/2015,39.95,12.25,157.31,127.8
6/9/2015,40.12,12.19,157.42,127.42
6/10/2015,40.52,12.17,160.27,128.88
6/11/2015,40.53,12.09,160.53,128.59
6/12/2015,39.84,12.06,161.21,127.17
6/15/2015,39.52,12,158.32,126.92
6/16/2015,39.79,12.02,159.05,127.6
6/17/2015,39.6,11.96,158.99,127.3
6/18/2015,39.9,11.92,160.25,127.88
6/19/2015,39.49,11.93,160.5,126.6
6/22/2015,39.81,11.76,163.26,127.61
6/23/2015,39.6,11.74,163.89,127.03
6/24/2015,40.19,11.74,163.42,128.11
6/25/2015,40.05,11.57,164.2,127.5
6/26/2015,40.02,11.69,164.28,126.75
6/29/2015,38.74,11.35,158.93,124.53
6/30/2015,38.58,11.15,159.29,125.425
7/1/2015,39.26,11.07,162.65,126.6
7/2/2015,39.58,11.1,162.11,126.44
7/6/2015,39.36,11.03,163.42,126
7/7/2015,39.79,11.06,163.53,125.69
7/8/2015,38.75,10.5,159.99,122.57
7/9/2015,38.92,10.59,162.07,120.07
7/10/2015,39.4,10.63,164.11,123.28
7/13/2015,39.96,10.82,169.31,125.66
7/14/2015,40.49,10.77,167.21,125.61
7/15/2015,40.13,10.57,168.47,126.82
7/16/2015,40.34,10.51,169.36,128.51
7/17/2015,39.95,10.49,169.7,129.62
7/20/2015,40.06,10.2,168.69,132.07
7/21/2015,39.57,10.23,167.53,130.75
7/22/2015,40.33,9.99,168.22,125.22
7/23/2015,40.25,9.96,168.39,125.16
7/24/2015,39.31,9.81,168.31,124.5
7/27/2015,39.61,9.62,168.34,122.77
7/28/2015,40.45,9.87,170.3,123.38
7/29/2015,40.4,10.16,173.06,122.99
7/30/2015,40.97,9.98,172.54,122.37
7/31/2015,40.95,9.87,174.21,121.3
8/3/2015,41,9.64,173.81,118.44
8/4/2015,40.62,9.73,175.1,114.64
8/5/2015,40.72,9.76,175.27,115.4
8/6/2015,40.12,9.91,172.74,115.13
8/7/2015,39.99,9.41,173.75,115.52
8/10/2015,40.47,10.08,173.66,119.72
8/11/2015,39.42,9.48,171.92,113.49
8/12/2015,38.89,9.51,172,115.24
8/13/2015,38.56,9.31,187.79,115.15
8/14/2015,38.65,9.41,187.03,115.96
8/17/2015,38.82,9.43,184.69,117.16
8/18/2015,39.02,9.27,185.77,116.5
8/19/2015,38.4,9.11,187.84,115.01
8/20/2015,37.51,9.03,184.45,112.65
8/21/2015,36.23,8.73,177.54,105.76
8/24/2015,34.68,8.2,173.75,103.12
8/25/2015,34.36,8.11,171.22,103.74
8/26/2015,35.62,8.26,171.46,109.69
8/27/2015,36.64,8.86,176.23,112.92
8/28/2015,36.51,9.41,176.48,113.29
8/31/2015,36.31,9.45,175.25,112.76
9/1/2015,34.75,9.22,172.62,107.72
9/2/2015,35.53,9.32,175.25,112.34
9/3/2015,35.75,9.57,173.24,110.37
9/4/2015,35.06,9.49,172.13,109.27
9/8/2015,36.21,9.72,175.32,112.31
9/9/2015,35.54,9.57,174.92,110.15
9/10/2015,35.86,9.63,174.88,112.57
9/11/2015,35.96,9.65,174.84,114.21
9/14/2015,35.55,9.38,175,115.31
9/15/2015,36.15,9.63,176.85,116.28
9/16/2015,36.52,9.86,178.59,116.41
9/17/2015,36.4,9.95,178.28,113.92
9/18/2015,35.74,9.97,173.7,113.45
9/21/2015,35.69,9.9,174.75,115.21
9/22/2015,35.05,9.5,174.44,113.4
9/23/2015,34.95,9.2,175.87,114.32
9/24/2015,34.55,9.18,174.8,115
9/25/2015,34.45,9.07,176.84,114.71
9/28/2015,33.37,9.59,171.4,112.44
9/29/2015,33.74,9.45,170.53,109.06
9/30/2015,34.33,9.66,189.53,110.3
10/1/2015,33.74,9.26,192.04,109.58
10/2/2015,34.67,9.52,191.69,110.38
10/5/2015,35.34,10.41,191.17,110.78
10/6/2015,34.9,10.98,191.1,111.31
10/7/2015,35.54,10.94,190.35,110.78
10/8/2015,36.01,11.01,187.35,109.5
10/9/2015,36.23,10.26,189.52,112.12
10/12/2015,35.99,10.08,191.28,111.6
10/13/2015,35.63,10.03,190.85,111.79
10/14/2015,35.05,9.95,187.07,110.21
10/15/2015,35.58,9.7,190.55,111.86
10/16/2015,35.78,9.55,190.8,111.04
10/19/2015,36.23,9.42,191.4,111.73
10/20/2015,36.32,9.41,193.59,113.77
10/21/2015,35.9,9.11,192.15,113.76
10/22/2015,36.09,9.09,191.87,115.5
10/23/2015,37.11,9.14,191.94,119.08
10/26/2015,36.83,8.77,192.45,115.28
10/27/2015,37.05,8.73,193.27,114.55
10/28/2015,37.52,8.99,194.28,119.27
10/29/2015,37.7,8.95,197.48,120.53
10/30/2015,37.76,8.93,198.43,119.5
11/2/2015,38.59,9.17,200.38,121.18
11/3/2015,38.27,9.38,198.7,122.57
11/4/2015,38.34,9.38,199.34,122
11/5/2015,38.3,9.2,200.34,120.92
11/6/2015,38.14,9.09,198.72,121.06
11/9/2015,37.92,8.61,194.9,120.57
11/10/2015,37.98,8.35,194.11,116.77
11/11/2015,37.66,8.08,194.67,116.11
11/12/2015,37.49,7.82,164.64,115.72
11/13/2015,36.77,7.99,161.62,112.34
11/16/2015,37.33,8.29,164.22,114.175
11/17/2015,38.38,8.27,164.09,113.69
11/18/2015,39.34,8.41,164.44,117.29
11/19/2015,38.5,8.76,162.37,118.78
11/20/2015,39.28,8.69,162.82,119.3
11/23/2015,40.03,9.07,162.62,117.75
11/24/2015,40.67,9.09,163.19,118.88
11/25/2015,41.34,9.41,164.3,118.03
11/27/2015,41.97,9.32,164.84,117.81
11/30/2015,41.82,9.36,162.73,118.3
12/1/2015,41.06,9.48,162.34,117.34
12/2/2015,40.42,9.35,157.93,116.28
12/3/2015,40.15,8.99,154.78,115.2
12/4/2015,41.1,9.34,155.83,119.03
12/7/2015,40.7,9.04,151.22,118.28
12/8/2015,41.17,8.52,149.88,118.23
12/9/2015,40.98,8.74,153.21,115.62
12/10/2015,41.25,9.17,151.76,116.17
12/11/2015,40.19,8.86,148.85,113.18
12/14/2015,40.25,9,147.61,112.48
12/15/2015,40.81,9.12,156.17,110.49
12/16/2015,41.43,9.24,160.82,111.34
12/17/2015,40.78,9.15,153.07,108.98
12/18/2015,40.1,9.23,149.57,106.03
12/21/2015,40.83,9.32,149.65,107.33
12/22/2015,41.22,9.56,147.83,107.23
12/23/2015,41.77,10.19,149.06,108.61
12/24/2015,42.14,10.12,149.13,108.03
12/28/2015,41.78,9.98,150.55,106.82
12/29/2015,42.36,10.13,152.2,108.74
12/30/2015,42.17,9.96,151.4,107.32
12/31/2015,41.81,9.87,150.51,105.26
1/4/2016,40.69,9.71,152.24,105.35
1/5/2016,40.55,9.27,151.2,102.71
1/6/2016,40.73,8.61,147.2,100.7
1/7/2016,39,8.27,148.83,96.45
1/8/2016,38.59,8.07,145.56,96.96
1/11/2016,37.94,8,147.05,98.53
1/12/2016,38.19,7.28,148.07,99.96
1/13/2016,36.86,7.13,142.16,97.39
1/14/2016,37.61,7.24,141.32,99.52
1/15/2016,37.11,6.9,144.29,97.13
1/19/2016,37.2,6.74,144.62,96.66
1/20/2016,37.26,6.74,143.39,96.79
1/21/2016,37.23,7.09,143.8,96.3
1/22/2016,37.98,6.87,144.43,101.42
1/25/2016,37.61,6.8,144.72,99.44
1/26/2016,37.51,7.14,151.47,99.99
1/27/2016,37.05,6.96,151.52,93.42
1/28/2016,36.11,7,148.56,94.09
1/29/2016,37.65,7.29,152.05,97.34
2/1/2016,37.69,7.21,154.89,96.43
2/2/2016,37.07,6.97,151.86,94.48
2/3/2016,37.19,7.55,147.94,96.35
2/4/2016,37.42,8.31,147.85,96.6
2/5/2016,36.04,8.12,143.94,94.02
2/8/2016,34.8,7.9,141.45,95.01
2/9/2016,35.37,7.81,141.5,94.99
2/10/2016,35.85,7.54,138.57,94.27
2/11/2016,35.33,7.33,138.41,93.7
2/12/2016,36.22,7.69,140.77,93.99
2/16/2016,37.08,8.12,146,96.64
2/17/2016,37.87,8.52,143.41,98.12
2/18/2016,37.19,8.12,143.32,96.26
2/19/2016,37.44,7.87,143.63,96.04
2/22/2016,38.03,8.91,147.87,96.88
2/23/2016,37.17,8.53,147.55,94.69
2/24/2016,37.48,8.76,150.42,96.1
2/25/2016,37.63,8.87,150.08,96.76
2/26/2016,37.59,8.87,150.05,96.91
2/29/2016,37.35,8.93,148.44,96.69
3/1/2016,38.59,9.11,153.35,100.53
3/2/2016,39.04,9.62,152.17,100.75
3/3/2016,39.2,9.47,153.88,101.5
3/4/2016,39.34,9.57,152.37,103.01
3/7/2016,39.43,10.04,151.52,101.87
3/8/2016,38.09,9.33,149.68,101.03
3/9/2016,38.13,9.42,153.77,101.12
3/10/2016,37.98,9.59,156.15,101.17
3/11/2016,39.23,9.52,158.57,102.26
3/14/2016,39.02,9.67,159.34,102.52
3/15/2016,38.29,9.16,158.58,104.58
3/16/2016,38.98,9.74,158.96,105.97
3/17/2016,39.29,9.94,157.94,105.8
3/18/2016,40.19,10.03,157.47,105.92
3/21/2016,39.65,9.89,158.61,105.91
3/22/2016,39.88,9.85,158.19,106.72
3/23/2016,39.47,9.32,161.09,106.13
3/24/2016,39.43,9.57,161.82,105.67
3/28/2016,39.52,9.7,161.76,105.19
3/29/2016,40.16,9.72,163.03,107.68
3/30/2016,40.12,9.68,163.79,109.56
3/31/2016,39.85,9.58,160.34,108.99
4/1/2016,40.31,9.63,160.42,109.99
4/4/2016,40.01,9.4,159.23,111.12
4/5/2016,39.26,9.41,160.47,109.81
4/6/2016,40.24,9.5,159.88,110.96
4/7/2016,39.47,9.48,155.83,108.54
4/8/2016,39.54,9.37,156.11,108.66
4/11/2016,39.41,9.74,154.77,109.02
4/12/2016,39.75,9.48,156.5,110.44
4/13/2016,40.69,9.79,160.49,112.04
4/14/2016,40.78,10.01,160.94,112.1
4/15/2016,40.91,10.01,161.19,109.85
4/18/2016,41.31,10.09,160.94,107.48
4/19/2016,41.4,10.53,160.79,106.91
4/20/2016,41.52,10.59,158.39,107.13
4/21/2016,41.93,10.42,157.13,105.97
4/22/2016,41.8,10.4,158.4,105.68
4/25/2016,41.63,10.16,157.39,105.08
4/26/2016,41.32,10.66,158.28,104.35
4/27/2016,41.58,11.31,159.27,97.82
4/28/2016,41.18,11.15,155.87,94.83
4/29/2016,40.92,11.17,156.1,93.74
5/2/2016,41.71,10.96,155.46,93.64
5/3/2016,41.24,10.35,156.01,95.18
5/4/2016,40.52,10.24,155.84,94.19
5/5/2016,40.96,10.02,148.74,93.24
5/6/2016,41.43,10.04,150.52,92.72
5/9/2016,41.33,9.46,151.53,92.79
5/10/2016,42,9.67,152.29,93.42
5/11/2016,42.46,9.54,148.13,92.51
5/12/2016,42.73,9.44,150,90.34
5/13/2016,42.62,9.2,145.56,90.52
5/16/2016,42.94,9.28,148.14,93.88
5/17/2016,44.41,9.3,144.08,93.49
5/18/2016,44.32,9.02,143.81,94.56
5/19/2016,44.56,9.12,143.54,94.2
5/20/2016,44.89,9.11,146.39,95.22
5/23/2016,44.57,9.28,145.87,96.43
5/24/2016,45.03,9.42,149.34,97.9
5/25/2016,45.42,9.6,153.53,99.62
5/26/2016,45.51,9.51,156.66,100.41
5/27/2016,45.82,9.35,156.31,100.35
5/31/2016,45.89,9.27,153.84,99.86
6/1/2016,45.95,9.3,153.34,98.46
6/2/2016,45.9,9.33,152.15,97.72
6/3/2016,45.72,9.52,150.71,97.92
6/6/2016,45.86,9.84,150.24,98.63
6/7/2016,45.75,9.79,151.71,99.03
6/8/2016,46.15,9.89,153.52,98.94
6/9/2016,46.09,9.84,156.78,99.65
6/10/2016,45.36,9.49,153.02,98.83
6/13/2016,44.92,9.32,152.55,97.34
6/14/2016,44.91,9.1,152.63,97.46
6/15/2016,44.94,9.45,153.64,97.14
6/16/2016,45.37,9.39,153.94,97.55
6/17/2016,45.36,9.58,154.55,95.33
6/20/2016,46.14,9.76,155.58,95.1
6/21/2016,46.16,9.86,154.44,95.91
6/22/2016,46.03,9.89,153.16,95.55
6/23/2016,46.68,10.15,154.93,96.1
6/24/2016,44.12,9.38,154.52,93.4
6/27/2016,42.26,9.1,153.78,92.04
6/28/2016,43.11,9.33,156.98,93.59
6/29/2016,43.76,9.1,161.01,94.4
6/30/2016,44.36,9.27,161.63,95.6
7/1/2016,44.6,9.55,164.33,95.89
7/5/2016,43.75,9.26,161.19,94.99
7/6/2016,44.47,9.19,161.45,95.53
7/7/2016,44.42,9.34,161.13,95.94
7/8/2016,45.48,9.82,164.85,96.68
7/11/2016,45.4,10.14,163.69,96.98
7/12/2016,46.53,10.69,163.55,97.42
7/13/2016,46.41,10.71,162.91,96.87
7/14/2016,46.8,10.71,164.96,98.79
7/15/2016,46.67,10.92,164.59,98.78
7/18/2016,46.8,10.92,164.4,99.83
7/19/2016,46.98,10.63,163.7,99.87
7/20/2016,47.01,10.61,163.75,99.96
7/21/2016,46.67,10.6,164.09,99.43
7/22/2016,46.58,10.57,166.03,98.66
7/25/2016,46.14,10.49,166.67,97.34
7/26/2016,46.95,10.67,166.23,96.67
7/27/2016,47.26,10.74,164.73,102.95
7/28/2016,47.51,10.68,170.34,104.34
7/29/2016,48.11,10.62,169.86,104.21
8/1/2016,47.87,10.47,168.5,106.05
8/2/2016,47.18,10.32,166.61,104.48
8/3/2016,47.09,10.41,168.65,105.79
8/4/2016,46.83,10.4,170.18,105.87
8/5/2016,47.49,10.5,170.49,107.48
8/8/2016,47.23,10.45,168.88,108.37
8/9/2016,47.45,10.35,166.5,108.81
8/10/2016,47.51,10.33,166.65,108
8/11/2016,48.13,10.42,166.71,107.93
8/12/2016,48.14,10.17,166,108.18
8/15/2016,48.44,10.52,167.76,109.48
8/16/2016,48.28,10.29,160.4,109.38
8/17/2016,48.43,10.36,158.05,109.22
8/18/2016,46.72,10.45,157.43,109.08
8/19/2016,47.62,10.27,158.04,109.36
8/22/2016,47.58,10.32,158.47,108.51
8/23/2016,47.82,10.5,157.94,108.85
8/24/2016,46.7,10.04,160.36,108.03
8/25/2016,47.26,10.08,160.18,107.57
8/26/2016,47.32,10,156.83,106.94
8/29/2016,47.62,10.26,157.67,106.82
8/30/2016,47.14,10.17,156.66,106
8/31/2016,46.98,10.08,157.38,106.1
9/1/2016,46.99,10.13,158.76,106.73
9/2/2016,47,10.13,158.57,107.73
9/6/2016,46.95,10.32,160.14,107.7
9/7/2016,47.11,10.21,161.88,108.36
9/8/2016,47.02,10.12,158.87,105.52
9/9/2016,44.88,9.6,152.96,103.13
9/12/2016,45.75,9.78,153.37,105.44
9/13/2016,44.9,9.52,151.18,107.95
9/14/2016,44.86,9.39,150.72,111.77
9/15/2016,45.44,9.47,148.94,115.57
9/16/2016,44.79,9.44,148.11,114.92
9/19/2016,44.95,9.36,148.44,113.58
9/20/2016,45.58,9.4,146.45,113.43
,,,,
,,,,
,,,,
,,,,
,,,,
,,,,
,,,,
,,,,
,,,,
,,,,
,,,,
,,,,
,,,,
,,,,
,,,,
,,,,
,,,,
,,,,
,,,,
,,,,
,,,,
,,,,
,,,,
,,,,
,,,,
,,,,
,,,,
,,,,
,,,,
,,,,
,,,,
,,,,
,,,,
,,,,
,,,,
,,,,
,,,,
,,,,
,,,,
,,,,
,,,,
,,,,
,,,,
,,,,
,,,,
,,,,
,,,,
,,,,
,,,,
,,,,
,,,,
,,,,
,,,,
,,,,
,,,,
,,,,
,,,,
,,,,
,,,,
,,,,
,,,,
,,,,
,,,,
,,,,
,,,,
,,,,
,,,,
,,,,
,,,,
,,,,
,,,,
,,,,
,,,,
,,,,
,,,,
,,,,
,,,,
,,,,
,,,,
,,,,
,,,,
,,,,
,,,,
,,,,
,,,,
,,,,
,,,,
,,,,
,,,,
,,,,
,,,,
,,,,
,,,,
,,,,
,,,,
,,,,
,,,,
,,,,
,,,,
,,,,
,,,,
,,,,
,,,,
,,,,
,,,,
,,,,
,,,,
,,,,
,,,,
,,,,
,,,,
,,,,
,,,,
,,,,
,,,,
,,,,
,,,,
,,,,
,,,,
,,,,
,,,,
,,,,
,,,,
,,,,
,,,,
,,,,
,,,,
,,,,
,,,,
,,,,
,,,,
,,,,
,,,,
,,,,
,,,,
,,,,
,,,,
,,,,
,,,,
,,,,
,,,,
,,,,
,,,,
,,,,
,,,,
,,,,
,,,,
,,,,
,,,,
,,,,
,,,,
